,IM,豆瓣,类别
110,IMDb评分　6.6/10 from 5 users,豆瓣评分　7.4/10 from 836 users,类别　剧情/儿童/家庭
608,IMDb评分　7.7/10 from 180 users,豆瓣评分　8.8/10 from 94474 users,类别　纪录片
889,IMDb评分　5.9/10 from 93 users,豆瓣评分　6.3/10 from 203 users,类别　动作/犯罪
1018,IMDb评分　5.6/10 from 858 users,豆瓣评分　6.6/10 from 78 users,类别　剧情/悬疑/惊悚
1030,IMDb评分　4.8/10 from 2508 users,豆瓣评分　5.2/10 from 201 users,类别　剧情/传记/动作
1045,IMDb评分　5.4/10 from 102 users,豆瓣评分　5.1/10 from 16285 users,类别　喜剧/动作
1048,IMDb评分　5.7/10 from 22 users,豆瓣评分　5.5/10 from 1563 users,类别　剧情/喜剧/奇幻
1065,IMDb评分　6.3/10 from 4393 users,豆瓣评分　6.2/10 from 250 users,类别　动作/惊悚
1070,IMDb评分　5.8/10 from 1112 users,豆瓣评分　6.4/10 from 47 users,类别　爱情/科幻
1078,IMDb评分　5.8/10 from 5088 users,豆瓣评分　6.6/10 from 92 users,类别　剧情/喜剧/动作
1114,IMDb评分　5.9/10 from 1812 users,豆瓣评分　5.2/10 from 137 users,类别　剧情/动作/科幻/惊悚
1124,IMDb评分　4.7/10 from 3211 users,豆瓣评分　6.0/10 from 98 users,类别　剧情/惊悚/犯罪
1128,IMDb评分　6.7/10 from 528 users,豆瓣评分　6.6/10 from 62 users,类别　剧情/战争/爱情
1131,IMDb评分　6.1/10 from 422 users,豆瓣评分　7.2/10 from 274 users,类别　剧情/爱情/音乐
1133,IMDb评分　7.1/10 from 3805 users,豆瓣评分　7.3/10 from 93 users,类别　惊悚/犯罪
1137,IMDb评分　7.1/10 from 5538 users,豆瓣评分　7.6/10 from 1659 users,类别　喜剧/犯罪/冒险
1141,IMDb评分　7.7/10 from 527 users,豆瓣评分　9.3/10 from 1674 users,类别　纪录片/音乐
1142,IMDb评分　9.7/10 from 91144 users,豆瓣评分　7.7/10 from 119 users,类别　剧情/战争/冒险
1143,IMDb评分　4.7/10 from 1980 users,豆瓣评分　5.4/10 from 95 users,类别　动作/犯罪/冒险
1155,IMDb评分　6.0/10 from 5 users,豆瓣评分　6.1/10 from 238 users,类别　剧情/爱情
1156,IMDb评分　6.7/10 from 53 users,豆瓣评分　6.6/10 from 250 users,类别　剧情/爱情
1159,IMDb评分　6.3/10 from 3033 users,豆瓣评分　6.0/10 from 43 users,类别　动作
1182,IMDb评分　6.7/10 from 23 users,豆瓣评分　5.6/10 from 57 users,类别　喜剧
1184,IMDb评分　4.9/10 from 426 users,豆瓣评分　6.0/10 from 1225 users,类别　剧情/悬疑/奇幻/惊悚
1187,IMDb评分　6.4/10 from 48 users,豆瓣评分　5.3/10 from 872 users,类别　喜剧/爱情
1280,IMDb评分　5.8/10 from 300 users,豆瓣评分　5.9/10 from 738 users,类别　剧情/动作/动画/奇幻
1287,IMDb评分　6.2/10 from 955 users,豆瓣评分　6.3/10 from 137 users,类别　剧情/爱情
1288,IMDb评分　5.9/10 from 152681 users,豆瓣评分　6.3/10 from 168 users,类别　剧情/历史
1289,IMDb评分　6.8/10 from 10662 users,豆瓣评分　6.3/10 from 333 users,类别　剧情/动作/犯罪
1291,IMDb评分　6.4/10 from 9583 users,豆瓣评分　5.8/10 from 1867 users,类别　剧情/喜剧
1292,IMDb评分　5.8/10 from 13144 users,豆瓣评分　6.4/10 from 2595 users,类别　惊悚/恐怖
1294,IMDb评分　5.8/10 from 2581 users,豆瓣评分　6.5/10 from 216 users,类别　剧情/喜剧/爱情
1295,IMDb评分　6.9/10 from 398 users,豆瓣评分　6.6/10 from 136 users,类别　剧情/喜剧/爱情
1297,IMDb评分　6.7/10 from 1502 users,豆瓣评分　4.5/10 from 1423 users,类别　动画/家庭/冒险
1303,IMDb评分　6.7/10 from 1001 users,豆瓣评分　7.1/10 from 761 users,类别　剧情/灾难
1305,IMDb评分　6.3/10 from 3504 users,豆瓣评分　7.2/10 from 112 users,类别　惊悚/恐怖
1309,IMDb评分　7.2/10 from 610 users,豆瓣评分　7.5/10 from 122 users,类别　剧情/犯罪/惊悚
1311,IMDb评分　7.4/10 from 698 users,豆瓣评分　7.7/10 from 47 users,类别　剧情/喜剧
1323,IMDb评分　4.5/10 from 230 users,豆瓣评分　5.6/10 from 631 users,类别　喜剧/冒险/家庭
1326,IMDb评分　5.9/10 from 1983 users,豆瓣评分　5.3/10 from 162 users,类别　惊悚
1330,IMDb评分　7.2/10 from 323 users,豆瓣评分　8.0/10 from 366 users,类别　剧情/动画
1332,IMDb评分　7.2/10 from 1915 users,豆瓣评分　7.3/10 from 1058 users,类别　剧情/同性
1340,IMDb评分　6.0/10 from 2037 users,豆瓣评分　5.3/10 from 475 users,类别　剧情/喜剧/奇幻/惊悚/恐怖
1342,IMDb评分　6.4/10 from 6520 users,豆瓣评分　6.0/10 from 164 users,类别　惊悚
1355,IMDb评分　5.6/10 from 1255 users,豆瓣评分　6.3/10 from 75 users,类别　剧情/惊悚/恐怖
1389,IMDb评分　7.5/10 from 9072 users,豆瓣评分　7.4/10 from 940 users,类别　剧情/动作/犯罪/惊悚
1391,IMDb评分　6.9/10 from 882 users,豆瓣评分　7.4/10 from 384 users,类别　剧情/喜剧/爱情/奇幻
1422,IMDb评分　5.9/10 from 2596 users,豆瓣评分　4.8/10 from 83 users,类别　剧情/悬疑
1450,IMDb评分　6.7/10 from 588 users,豆瓣评分　6.5/10 from 5691 users,类别　动作/犯罪
1453,IMDb评分　7.4/10 from 304 users,豆瓣评分　7.5/10 from 7.5 users,类别　剧情/爱情/奇幻
1457,IMDb评分　6.3/10 from 9 users,豆瓣评分　5.5/10 from 454 users,类别　剧情/爱情
1459,IMDb评分　7.2/10 from 33 users,豆瓣评分　5.2/10 from 1070 users,类别　剧情/同性
1465,IMDb评分　6.4/10 from 912 users,豆瓣评分　6.3/10 from 138 users,类别　动作/历史/战争/冒险
1471,IMDb评分　6.7/10 from 42278 users,豆瓣评分　7.1/10 from 60498 users,类别　动作/科幻/冒险
1472,IMDb评分　7.0/10 from 708 users,豆瓣评分　7.8/10 from 118 users,类别　剧情/奇幻/冒险
1473,IMDb评分　7.5/10 from 548 users,豆瓣评分　8.0/10 from 95 users,类别　剧情/爱情/传记
1474,IMDb评分　8.0/10 from 3451 users,豆瓣评分　9.2/10 from 18231 users,类别　纪录片
1478,IMDb评分　6.1/10 from 64 users,豆瓣评分　6.1/10 from 37427 users,类别　动作/犯罪/悬疑
1479,IMDb评分　6.7/10 from 79 users,豆瓣评分　6.2/10 from 5004 users,类别　传记/动作/历史/战争/古装
1480,IMDb评分　6.2/10 from 227 users,豆瓣评分　6.2/10 from 7417 users,类别　剧情/爱情/战争
1481,IMDb评分　6.4/10 from 784 users,豆瓣评分　6.8/10 from 190 users,类别　爱情/音乐
1482,IMDb评分　5.4/10 from 16 users,豆瓣评分　6.5/10 from 28438 users,类别　喜剧/动作
1484,IMDb评分　6.6/10 from 9 users,豆瓣评分　6.8/10 from 10721 users,类别　动作/犯罪
1485,IMDb评分　6.4/10 from 53 users,豆瓣评分　7.0/10 from 57556 users,类别　喜剧/音乐
1487,IMDb评分　6.7/10 from 37 users,豆瓣评分　7.2/10 from 23435 users,类别　剧情/悬疑/犯罪
1488,IMDb评分　6.7/10 from 2227 users,豆瓣评分　7.4/10 from 398054 users,类别　动作
1489,IMDb评分　7.1/10 from 189 users,豆瓣评分　7.5/10 from 104929 users,类别　剧情/动作/武侠/古装
1490,IMDb评分　7.0/10 from 28 users,豆瓣评分　7.8/10 from 4431 users,类别　剧情/历史/战争
1491,IMDb评分　7.3/10 from 1013 users,豆瓣评分　7.9/10 from 303592 users,类别　剧情/历史/战争
1492,IMDb评分　7.2/10 from 167 users,豆瓣评分　8.0/10 from 101748 users,类别　喜剧/动画/奇幻/冒险
1493,IMDb评分　7.5/10 from 144 users,豆瓣评分　8.2/10 from 9132 users,类别　纪录片
1494,IMDb评分　5.7/10 from 100 users,豆瓣评分　5.8/10 from 138731 users,类别　喜剧/爱情
1498,IMDb评分　4.2/10 from 449 users,豆瓣评分　3.5/10 from 3186 users,类别　动作/犯罪/冒险
1502,IMDb评分　5.6/10 from 53 users,豆瓣评分　4.2/10 from 1442 users,类别　剧情/动作/爱情/战争
1506,IMDb评分　5.2/10 from 9 users,豆瓣评分　5.9/10 from 4890 users,类别　剧情/犯罪
1509,IMDb评分　5.7/10 from 6 users,豆瓣评分　4.9/10 from 11959 users,类别　剧情/喜剧
1515,IMDb评分　6.3/10 from 50 users,豆瓣评分　5.7/10 from 775 users,类别　剧情/犯罪/惊悚
1516,IMDb评分　7.1/10 from 83 users,豆瓣评分　6.3/10 from 484 users,类别　剧情/历史/战争/古装
1517,IMDb评分　7.8/10 from 39 users,豆瓣评分　6.5/10 from 428 users,类别　动作/犯罪
1521,IMDb评分　5.7/10 from 29823 users,豆瓣评分　6.0/10 from 652 users,类别　喜剧/动作
1522,IMDb评分　5.3/10 from 1179 users,豆瓣评分　6.0/10 from 108 users,类别　惊悚
1523,IMDb评分　6.2/10 from 1390 users,豆瓣评分　6.0/10 from 496 users,类别　科幻/惊悚
1525,IMDb评分　5.3/10 from 983 users,豆瓣评分　6.1/10 from 43 users,类别　喜剧/动作
1526,IMDb评分　6.2/10 from 12924 users,豆瓣评分　6.1/10 from 750 users,类别　喜剧/音乐
1527,IMDb评分　3.8/10 from 1976 users,豆瓣评分　6.1/10 from 38 users,类别　喜剧/儿童
1528,IMDb评分　6.4/10 from 3252 users,豆瓣评分　6.2/10 from 195 users,类别　剧情/悬疑
1529,IMDb评分　5.6/10 from 1270 users,豆瓣评分　6.2/10 from 871 users,类别　科幻
1531,IMDb评分　6.2/10 from 2326 users,豆瓣评分　6.2/10 from 169 users,类别　喜剧/恐怖/冒险
1533,IMDb评分　6.4/10 from 2681 users,豆瓣评分　6.3/10 from 374 users,类别　剧情/音乐
1534,IMDb评分　5.2/10 from 246 users,豆瓣评分　6.3/10 from 1059 users,类别　剧情/冒险
1535,IMDb评分　6.3/10 from 8780 users,豆瓣评分　5.9/10 from 290 users,类别　剧情/爱情/冒险
1537,IMDb评分　6.4/10 from 28480 users,豆瓣评分　5.8/10 from 5493 users,类别　剧情/爱情/科幻/冒险
1539,IMDb评分　6.5/10 from 13626 users,豆瓣评分　5.4/10 from 234 users,类别　动作/惊悚
1541,IMDb评分　6.5/10 from 1505 users,豆瓣评分　6.6/10 from 217 users,类别　剧情/传记
1544,IMDb评分　6.3/10 from 2400 users,豆瓣评分　6.6/10 from 89 users,类别　剧情/战争/惊悚
1545,IMDb评分　7.1/10 from 142770 users,豆瓣评分　6.7/10 from 104889 users,类别　动作/科幻/奇幻/冒险
1546,IMDb评分　5.1/10 from 193 users,豆瓣评分　6.7/10 from 98 users,类别　悬疑/惊悚/恐怖
1547,IMDb评分　7.3/10 from 10723 users,豆瓣评分　6.7/10 from 163 users,类别　剧情/西部/冒险
1548,IMDb评分　7.0/10 from 46684 users,豆瓣评分　6.8/10 from 2535 users,类别　剧情/悬疑/惊悚
1549,IMDb评分　7.4/10 from 6297 users,豆瓣评分　6.9/10 from 257 users,类别　剧情/惊悚
1550,IMDb评分　6.5/10 from 3302 users,豆瓣评分　6.9/10 from 115 users,类别　剧情/传记/战争
1552,IMDb评分　7.0/10 from 20482 users,豆瓣评分　7.1/10 from 9033 users,类别　喜剧/动画/冒险
1554,IMDb评分　8.0/10 from 160551 users,豆瓣评分　7.2/10 from 143393 users,类别　动作/奇幻/冒险
1555,IMDb评分　7.2/10 from 78910 users,豆瓣评分　7.2/10 from 61867 users,类别　动作/奇幻/冒险
1556,IMDb评分　7.5/10 from 323133 users,豆瓣评分　7.3/10 from 65681 users,类别　动作/科幻/冒险
1557,IMDb评分　7.2/10 from 48670 users,豆瓣评分　7.4/10 from 19724 users,类别　动作/奇幻/冒险
1558,IMDb评分　7.7/10 from 95861 users,豆瓣评分　7.5/10 from 49298 users,类别　剧情/奇幻/冒险
1560,IMDb评分　8.1/10 from 187899 users,豆瓣评分　7.5/10 from 121997 users,类别　动作/奇幻/冒险
1561,IMDb评分　6.5/10 from 16471 users,豆瓣评分　7.6/10 from 1495 users,类别　喜剧/动画
1562,IMDb评分　7.1/10 from 3367 users,豆瓣评分　7.6/10 from 109 users,类别　剧情/传记
1564,IMDb评分　7.8/10 from 17413 users,豆瓣评分　8.0/10 from 9089 users,类别　剧情/儿童
1567,IMDb评分　8.7/10 from 74129 users,豆瓣评分　9.1/10 from 3741 users,类别　喜剧/动画/冒险/音乐/家庭
1569,IMDb评分　2.4/10 from 23794 users,豆瓣评分　5.3/10 from 519 users,类别　喜剧/动画/冒险
1581,IMDb评分　5.7/10 from 2650 users,豆瓣评分　5.4/10 from 143 users,类别　动作
1582,IMDb评分　4.0/10 from 1700 users,豆瓣评分　4.9/10 from 91 users,类别　喜剧/动作
1585,IMDb评分　5.6/10 from 1785 users,豆瓣评分　4.9/10 from 94 users,类别　悬疑/惊悚
1587,IMDb评分　5.2/10 from 2862 users,豆瓣评分　4.3/10 from 156 users,类别　剧情/犯罪
1598,IMDb评分　5.1/10 from 665 users,豆瓣评分　5.2/10 from 195 users,类别　喜剧
1601,IMDb评分　5.9/10 from 2150 users,豆瓣评分　5.6/10 from 71 users,类别　剧情/悬疑/冒险
1604,IMDb评分　6.1/10 from 3074 users,豆瓣评分　5.7/10 from 242 users,类别　剧情/恐怖
1606,IMDb评分　5.1/10 from 667 users,豆瓣评分　6.2/10 from 163 users,类别　动作/西部/冒险
1607,IMDb评分　6.3/10 from 4241 users,豆瓣评分　5.9/10 from 273 users,类别　惊悚
1608,IMDb评分　4.8/10 from 1503 users,豆瓣评分　6.4/10 from 164 users,类别　喜剧/动画/冒险
1609,IMDb评分　6.2/10 from 3631 users,豆瓣评分　6.4/10 from 236 users,类别　喜剧/动作/动画/冒险
1612,IMDb评分　5.9/10 from 1000 users,豆瓣评分　6.5/10 from 10 users,类别　剧情/历史/犯罪
1614,IMDb评分　6.8/10 from 286 users,豆瓣评分　6.6/10 from 85 users,类别　家庭/历史/战争
1616,IMDb评分　6.3/10 from 6432 users,豆瓣评分　6.7/10 from 266 users,类别　剧情/传记/犯罪
1617,IMDb评分　6.1/10 from 778 users,豆瓣评分　6.8/10 from 837 users,类别　喜剧/动画
1619,IMDb评分　5.6/10 from 389 users,豆瓣评分　6.8/10 from 122 users,类别　动作/科幻/动画
1620,IMDb评分　5.8/10 from 915 users,豆瓣评分　6.8/10 from 2925 users,类别　喜剧/犯罪
1621,IMDb评分　6.4/10 from 1948 users,豆瓣评分　6.8/10 from 71 users,类别　喜剧
1622,IMDb评分　6.5/10 from 1430 users,豆瓣评分　6.9/10 from 884 users,类别　剧情/爱情/惊悚
1623,IMDb评分　6.2/10 from 4062 users,豆瓣评分　6.9/10 from 1799 users,类别　喜剧/动画/冒险
1624,IMDb评分　6.3/10 from 998 users,豆瓣评分　6.9/10 from 130 users,类别　传记/动作/战争/惊悚
1625,IMDb评分　6.7/10 from 4324 users,豆瓣评分　6.9/10 from 99 users,类别　剧情/冒险
1626,IMDb评分　7.8/10 from 76162 users,豆瓣评分　7.0/10 from 68464 users,类别　剧情/动作/科幻
1628,IMDb评分　7.3/10 from 5607 users,豆瓣评分　7.1/10 from 341 users,类别　剧情/传记
1629,IMDb评分　7.1/10 from 3849 users,豆瓣评分　7.1/10 from 1171 users,类别　剧情/爱情/传记
1630,IMDb评分　7.2/10 from 7425 users,豆瓣评分　7.2/10 from 110265 users,类别　喜剧/动作/冒险
1632,IMDb评分　7.1/10 from 2189 users,豆瓣评分　7.2/10 from 102 users,类别　剧情/传记/战争
1633,IMDb评分　7.0/10 from 96990 users,豆瓣评分　7.3/10 from 137370 users,类别　动作/奇幻/冒险
1636,IMDb评分　7.0/10 from 6445 users,豆瓣评分　7.3/10 from 1546 users,类别　剧情/传记/历史/犯罪
1637,IMDb评分　6.5/10 from 887 users,豆瓣评分　7.3/10 from 66 users,类别　喜剧/爱情
1638,IMDb评分　7.0/10 from 8463 users,豆瓣评分　7.3/10 from 787 users,类别　喜剧/传记/运动/同性
1639,IMDb评分　6.7/10 from 8779 users,豆瓣评分　7.4/10 from 14618 users,类别　喜剧/动画/冒险
1640,IMDb评分　7.0/10 from 38654 users,豆瓣评分　7.4/10 from 2172 users,类别　动作/悬疑/惊悚
1641,IMDb评分　7.7/10 from 99359 users,豆瓣评分　7.4/10 from 112864 users,类别　爱情/奇幻/歌舞
1643,IMDb评分　7.7/10 from 1760 users,豆瓣评分　7.9/10 from 617 users,类别　剧情/战争
1644,IMDb评分　7.4/10 from 1939 users,豆瓣评分　8.0/10 from 779 users,类别　纪录片/战争
1645,IMDb评分　8.0/10 from 13748 users,豆瓣评分　5.9/10 from 88 users,类别　剧情/战争
1647,IMDb评分　6.8/10 from 875 users,豆瓣评分　8.3/10 from 917 users,类别　剧情/惊悚
1648,IMDb评分　8.3/10 from 238509 users,豆瓣评分　8.3/10 from 230688 users,类别　剧情/历史/战争
1649,IMDb评分　7.5/10 from 2027 users,豆瓣评分　8.4/10 from 3767 users,类别　剧情/历史/战争
1650,IMDb评分　7.7/10 from 2670 users,豆瓣评分　8.5/10 from 879 users,类别　剧情/传记/爱情
1651,IMDb评分　8.3/10 from 100396 users,豆瓣评分　8.7/10 from 63851 users,类别　剧情/犯罪
1653,IMDb评分　6.4/10 from 5508 users,豆瓣评分　5.6/10 from 296 users,类别　喜剧/动作/动画
1654,IMDb评分　5.8/10 from 211 users,豆瓣评分　5.5/10 from 1976 users,类别　喜剧/动画/奇幻/冒险
1655,IMDb评分　5.9/10 from 30046 users,豆瓣评分　5.2/10 from 623 users,类别　动作/奇幻/冒险
1660,IMDb评分　4.0/10 from 563 users,豆瓣评分　3.7/10 from 78 users,类别　惊悚
1662,IMDb评分　5.6/10 from 850 users,豆瓣评分　5.5/10 from 107 users,类别　惊悚
1663,IMDb评分　5.6/10 from 799 users,豆瓣评分　5.6/10 from 83 users,类别　剧情/爱情/科幻
1665,IMDb评分　5.2/10 from 12896 users,豆瓣评分　5.4/10 from 430 users,类别　剧情/悬疑/惊悚/犯罪
1666,IMDb评分　5.3/10 from 11670 users,豆瓣评分　5.0/10 from 313 users,类别　剧情/科幻/惊悚
1667,IMDb评分　3.9/10 from 282 users,豆瓣评分　5.4/10 from 211 users,类别　科幻
1668,IMDb评分　5.4/10 from 2594 users,豆瓣评分　5.5/10 from 149 users,类别　科幻/恐怖
1669,IMDb评分　4.9/10 from 4040 users,豆瓣评分　3.8/10 from 99 users,类别　科幻
1670,IMDb评分　4.8/10 from 458 users,豆瓣评分　5.1/10 from 128 users,类别　惊悚/恐怖
1672,IMDb评分　5.3/10 from 8102 users,豆瓣评分　5.9/10 from 594 users,类别　喜剧
1673,IMDb评分　5.6/10 from 9868 users,豆瓣评分　5.5/10 from 120 users,类别　喜剧
1674,IMDb评分　5.3/10 from 4020 users,豆瓣评分　5.5/10 from 276 users,类别　喜剧
1676,IMDb评分　6.1/10 from 29 users,豆瓣评分　5.2/10 from 183 users,类别　剧情/犯罪/悬疑
1678,IMDb评分　6.2/10 from 1034 users,豆瓣评分　6.5/10 from 460 users,类别　动画
1679,IMDb评分　8.1/10 from 64 users,豆瓣评分　7.0/10 from 149 users,类别　动作
1680,IMDb评分　6.4/10 from 114 users,豆瓣评分　7.0/10 from 1605 users,类别　剧情/犯罪
1682,IMDb评分　6.9/10 from 308 users,豆瓣评分　7.5/10 from 1544 users,类别　动画
1683,IMDb评分　5.8/10 from 13 users,豆瓣评分　5.8/10 from 175 users,类别　剧情/喜剧/动作
1687,IMDb评分　6.4/10 from 13027 users,豆瓣评分　6.5/10 from 92 users,类别　动作/惊悚/冒险
1689,IMDb评分　8.2/10 from 7879 users,豆瓣评分　8.0/10 from 151455 users,类别　剧情/音乐
1694,IMDb评分　6.8/10 from 1266 users,豆瓣评分　6.4/10 from 113 users,类别　剧情/战争
1696,IMDb评分　4.2/10 from 838 users,豆瓣评分　4.6/10 from 166 users,类别　科幻/惊悚
1697,IMDb评分　5.7/10 from 847 users,豆瓣评分　7.1/10 from 375 users,类别　恐怖/犯罪/冒险
1698,IMDb评分　7.1/10 from 5353 users,豆瓣评分　5.9/10 from 89 users,类别　恐怖
1699,IMDb评分　6.5/10 from 3408 users,豆瓣评分　6.1/10 from 153 users,类别　动作/爱情
1700,IMDb评分　7.8/10 from 10702 users,豆瓣评分　6.6/10 from 328 users,类别　剧情/喜剧
1701,IMDb评分　8.7/10 from 46091 users,豆瓣评分　7.1/10 from 2824 users,类别　剧情/动作/战争/奇幻/冒险
1702,IMDb评分　7.4/10 from 11765 users,豆瓣评分　7.1/10 from 23973 users,类别　剧情/喜剧
1703,IMDb评分　7.3/10 from 3983 users,豆瓣评分　7.2/10 from 698 users,类别　剧情/惊悚
1705,IMDb评分　7.9/10 from 10461 users,豆瓣评分　8.2/10 from 7355 users,类别　剧情/喜剧
1706,IMDb评分　5.7/10 from 114 users,豆瓣评分　6.2/10 from 62 users,类别　剧情/犯罪
1707,IMDb评分　5.1/10 from 311 users,豆瓣评分　7.2/10 from 204 users,类别　悬疑/惊悚
1708,IMDb评分　3.8/10 from 8 users,豆瓣评分　4.9/10 from 141 users,类别　喜剧
1714,IMDb评分　6.1/10 from 70 users,豆瓣评分　5.0/10 from 21979 users,类别　动作/科幻
1716,IMDb评分　5.9/10 from 107 users,豆瓣评分　6.1/10 from 17697 users,类别　喜剧/爱情/奇幻
1720,IMDb评分　6.4/10 from 8 users,豆瓣评分　4.6/10 from 1497 users,类别　剧情/悬疑
1721,IMDb评分　7.1/10 from 7 users,豆瓣评分　6.4/10 from 851 users,类别　剧情/喜剧
1722,IMDb评分　6.4/10 from 10 users,豆瓣评分　3.0/10 from 4402 users,类别　喜剧/奇幻
1725,IMDb评分　7.2/10 from 43 users,豆瓣评分　6.6/10 from 23876 users,类别　剧情/动作/犯罪
1727,IMDb评分　6.5/10 from 604 users,豆瓣评分　7.1/10 from 16009 users,类别　动画
1728,IMDb评分　7.1/10 from 44 users,豆瓣评分　4.3/10 from 153 users,类别　悬疑/惊悚
1729,IMDb评分　7.2/10 from 10226 users,豆瓣评分　7.2/10 from 52538 users,类别　动作/惊悚
1730,IMDb评分　6.6/10 from 322 users,豆瓣评分　7.2/10 from 224354 users,类别　喜剧/奇幻
1731,IMDb评分　7.3/10 from 28 users,豆瓣评分　5.5/10 from 1404 users,类别　喜剧/奇幻
1732,IMDb评分　6.9/10 from 206 users,豆瓣评分　7.3/10 from 89012 users,类别　剧情/犯罪/悬疑/惊悚
1734,IMDb评分　7.2/10 from 189 users,豆瓣评分　8.4/10 from 81278 users,类别　剧情/犯罪/悬疑
1735,IMDb评分　8.5/10 from 31 users,豆瓣评分　5.1/10 from 3694 users,类别　爱情/悬疑
1736,IMDb评分　7.9/10 from 134 users,豆瓣评分　8.6/10 from 33349 users,类别　剧情/爱情
1738,IMDb评分　4.4/10 from 16 users,豆瓣评分　5.2/10 from 12060 users,类别　动作/犯罪
1742,IMDb评分　5.6/10 from 62 users,豆瓣评分　4.8/10 from 24217 users,类别　动作/奇幻
1743,IMDb评分　5.4/10 from 26 users,豆瓣评分　5.4/10 from 49645 users,类别　动作/悬疑/犯罪
1744,IMDb评分　5.3/10 from 183 users,豆瓣评分　5.4/10 from 82790 users,类别　剧情/动作/奇幻
1746,IMDb评分　5.5/10 from 806 users,豆瓣评分　5.1/10 from 12828 users,类别　剧情/动作/科幻
1749,IMDb评分　5.8/10 from 230 users,豆瓣评分　4.8/10 from 11685 users,类别　剧情/动作/悬疑
1764,IMDb评分　4.7/10 from 68 users,豆瓣评分　4.6/10 from 33824 users,类别　喜剧/恐怖
1776,IMDb评分　6.3/10 from 15 users,豆瓣评分　4.8/10 from 9004 users,类别　喜剧/动作/爱情/奇幻
1778,IMDb评分　5.0/10 from 106 users,豆瓣评分　4.5/10 from 161 users,类别　喜剧/恐怖
1786,IMDb评分　6.8/10 from 13 users,豆瓣评分　5.4/10 from 3189 users,类别　剧情/犯罪/悬疑
1804,IMDb评分　5.4/10 from 2346 users,豆瓣评分　6.6/10 from 99 users,类别　剧情/喜剧
1807,IMDb评分　7.5/10 from 25 users,豆瓣评分　6.1/10 from 8795 users,类别　剧情/喜剧
1808,IMDb评分　6.2/10 from 22 users,豆瓣评分　5.4/10 from 839 users,类别　喜剧/爱情
1809,IMDb评分　6.7/10 from 93 users,豆瓣评分　6.3/10 from 796 users,类别　喜剧
1810,IMDb评分　8.6/10 from 18 users,豆瓣评分　6.5/10 from 765 users,类别　爱情
1811,IMDb评分　6.1/10 from 140 users,豆瓣评分　6.4/10 from 9638 users,类别　剧情/爱情
1812,IMDb评分　7.7/10 from 71 users,豆瓣评分　7.1/10 from 394 users,类别　爱情
1813,IMDb评分　6.6/10 from 104 users,豆瓣评分　7.3/10 from 1276 users,类别　剧情/爱情
1814,IMDb评分　7.2/10 from 261 users,豆瓣评分　7.3/10 from 682 users,类别　剧情/动作/奇幻
1815,IMDb评分　6.7/10 from 170 users,豆瓣评分　7.5/10 from 26807 users,类别　喜剧/运动
1816,IMDb评分　7.0/10 from 79 users,豆瓣评分　8.7/10 from 3529 users,类别　喜剧/家庭
1817,IMDb评分　6.2/10 from 21 users,豆瓣评分　5.0/10 from 79 users,类别　惊悚/恐怖
1819,IMDb评分　8.0/10 from 44 users,豆瓣评分　4.6/10 from 375 users,类别　剧情/喜剧/爱情
1822,IMDb评分　6.8/10 from 8693 users,豆瓣评分　6.1/10 from 639 users,类别　剧情/传记/历史
1823,IMDb评分　6.9/10 from 4861 users,豆瓣评分　6.1/10 from 169 users,类别　剧情/传记/历史
1827,IMDb评分　5.5/10 from 1574 users,豆瓣评分　6.1/10 from 792 users,类别　喜剧
1828,IMDb评分　5.5/10 from 1026 users,豆瓣评分　6.2/10 from 72 users,类别　动作/犯罪/惊悚
1829,IMDb评分　6.6/10 from 3499 users,豆瓣评分　6.3/10 from 73 users,类别　剧情/历史/惊悚
1830,IMDb评分　5.4/10 from 7374 users,豆瓣评分　6.3/10 from 4186 users,类别　喜剧/犯罪/悬疑
1831,IMDb评分　6.4/10 from 5312 users,豆瓣评分　6.3/10 from 3379 users,类别　喜剧/惊悚/恐怖
1833,IMDb评分　6.2/10 from 3940 users,豆瓣评分　6.4/10 from 399 users,类别　剧情/爱情
1834,IMDb评分　6.9/10 from 2712 users,豆瓣评分　6.4/10 from 299 users,类别　剧情/传记/同性
1835,IMDb评分　6.2/10 from 2910 users,豆瓣评分　6.4/10 from 235 users,类别　剧情/爱情/悬疑
1836,IMDb评分　7.0/10 from 1399 users,豆瓣评分　6.5/10 from 156 users,类别　科幻/惊悚
1837,IMDb评分　7.1/10 from 3065 users,豆瓣评分　6.6/10 from 147 users,类别　剧情/喜剧/传记
1838,IMDb评分　6.6/10 from 4022 users,豆瓣评分　5.9/10 from 471 users,类别　剧情/传记
1839,IMDb评分　6.7/10 from 31347 users,豆瓣评分　5.0/10 from 4028 users,类别　动作/科幻/冒险
1841,IMDb评分　5.6/10 from 951 users,豆瓣评分　6.8/10 from 225 users,类别　剧情/爱情/惊悚
1844,IMDb评分　7.4/10 from 2063 users,豆瓣评分　6.9/10 from 336 users,类别　剧情/惊悚/同性/奇幻
1846,IMDb评分　7.1/10 from 4105 users,豆瓣评分　7.0/10 from 166 users,类别　剧情/传记/运动
1847,IMDb评分　6.8/10 from 1383 users,豆瓣评分　7.0/10 from 436 users,类别　喜剧/传记/爱情
1848,IMDb评分　6.7/10 from 67136 users,豆瓣评分　7.0/10 from 101258 users,类别　剧情/犯罪/悬疑
1849,IMDb评分　6.9/10 from 2278 users,豆瓣评分　7.0/10 from 70 users,类别　惊悚
1850,IMDb评分　7.7/10 from 12771 users,豆瓣评分　7.1/10 from 778 users,类别　剧情/奇幻/惊悚
1852,IMDb评分　6.5/10 from 568 users,豆瓣评分　7.3/10 from 56 users,类别　喜剧
1853,IMDb评分　7.5/10 from 2430 users,豆瓣评分　7.5/10 from 309 users,类别　喜剧
1854,IMDb评分　6.1/10 from 826 users,豆瓣评分　7.5/10 from 83 users,类别　喜剧/爱情
1855,IMDb评分　7.1/10 from 17876 users,豆瓣评分　7.6/10 from 1216 users,类别　喜剧/动作
1856,IMDb评分　8.0/10 from 21010 users,豆瓣评分　7.7/10 from 1249 users,类别　动作/犯罪/悬疑
1857,IMDb评分　7.2/10 from 4568 users,豆瓣评分　7.7/10 from 84 users,类别　惊悚
1858,IMDb评分　7.2/10 from 802 users,豆瓣评分　7.7/10 from 258 users,类别　动作/科幻/灾难
1859,IMDb评分　7.4/10 from 2386 users,豆瓣评分　7.9/10 from 345 users,类别　剧情/历史/冒险
1860,IMDb评分　7.6/10 from 15105 users,豆瓣评分　7.9/10 from 3917 users,类别　剧情/喜剧
1861,IMDb评分　7.4/10 from 2499 users,豆瓣评分　7.9/10 from 2135 users,类别　剧情/喜剧
1862,IMDb评分　7.3/10 from 383 users,豆瓣评分　8.0/10 from 60 users,类别　喜剧
1863,IMDb评分　6.9/10 from 2719 users,豆瓣评分　8.1/10 from 1337 users,类别　剧情/喜剧
1864,IMDb评分　7.6/10 from 7130 users,豆瓣评分　8.2/10 from 840 users,类别　喜剧/传记/历史
1865,IMDb评分　8.0/10 from 15651 users,豆瓣评分　8.2/10 from 708 users,类别　喜剧/爱情
1866,IMDb评分　6.5/10 from 1641 users,豆瓣评分　8.2/10 from 8286 users,类别　喜剧/爱情/冒险
1867,IMDb评分　5.7/10 from 3210 users,豆瓣评分　8.3/10 from 1714 users,类别　剧情/同性
1868,IMDb评分　7.4/10 from 372 users,豆瓣评分　8.3/10 from 2090 users,类别　喜剧/动画/冒险
1869,IMDb评分　8.2/10 from 14292 users,豆瓣评分　8.3/10 from 63756 users,类别　喜剧/家庭
1870,IMDb评分　7.6/10 from 1672 users,豆瓣评分　8.4/10 from 448 users,类别　动画
1872,IMDb评分　8.4/10 from 161963 users,豆瓣评分　8.5/10 from 109306 users,类别　剧情/科幻/惊悚
1873,IMDb评分　7.4/10 from 35216 users,豆瓣评分　8.6/10 from 60822 users,类别　剧情/传记/历史
1874,IMDb评分　7.9/10 from 11123 users,豆瓣评分　8.6/10 from 81708 users,类别　剧情/传记/动画
1875,IMDb评分　8.2/10 from 53139 users,豆瓣评分　8.9/10 from 122224 users,类别　剧情/爱情/同性
1876,IMDb评分　7.4/10 from 1632 users,豆瓣评分　8.9/10 from 340 users,类别　爱情
1877,IMDb评分　5.9/10 from 2765 users,豆瓣评分　5.5/10 from 148 users,类别　剧情/惊悚
1878,IMDb评分　5.8/10 from 735 users,豆瓣评分　5.4/10 from 244 users,类别　动作/惊悚
1881,IMDb评分　6.0/10 from 2930 users,豆瓣评分　5.8/10 from 96 users,类别　剧情/动作/惊悚
1886,IMDb评分　4.6/10 from 2766 users,豆瓣评分　5.9/10 from 3670 users,类别　剧情/动作/历史
1889,IMDb评分　5.3/10 from 3044 users,豆瓣评分　5.1/10 from 216 users,类别　动作
1891,IMDb评分　5.2/10 from 1842 users,豆瓣评分　5.9/10 from 67 users,类别　恐怖
1895,IMDb评分　4.7/10 from 2888 users,豆瓣评分　5.2/10 from 75 users,类别　奇幻/惊悚/恐怖
1899,IMDb评分　6.9/10 from 14221 users,豆瓣评分　5.8/10 from 297 users,类别　悬疑/恐怖
1900,IMDb评分　4.8/10 from 442 users,豆瓣评分　4.4/10 from 175 users,类别　剧情/科幻/恐怖
1901,IMDb评分　4.6/10 from 2314 users,豆瓣评分　5.7/10 from 125 users,类别　剧情/悬疑/惊悚
1902,IMDb评分　6.3/10 from 6693 users,豆瓣评分　5.8/10 from 535 users,类别　剧情/悬疑/惊悚/恐怖
1903,IMDb评分　5.0/10 from 5560 users,豆瓣评分　4.7/10 from 216 users,类别　剧情/悬疑/惊悚
1905,IMDb评分　4.8/10 from 845 users,豆瓣评分　4.6/10 from 344 users,类别　爱情/惊悚/同性
1910,IMDb评分　5.8/10 from 907 users,豆瓣评分　6.5/10 from 742 users,类别　剧情/爱情/惊悚
1911,IMDb评分　6.1/10 from 1063 users,豆瓣评分　6.5/10 from 146 users,类别　喜剧
1913,IMDb评分　5.4/10 from 818 users,豆瓣评分　6.6/10 from 325 users,类别　剧情/惊悚
1914,IMDb评分　5.9/10 from 2933 users,豆瓣评分　6.6/10 from 124 users,类别　剧情/科幻/惊悚
1916,IMDb评分　6.9/10 from 1448 users,豆瓣评分　6.9/10 from 98 users,类别　传记
1917,IMDb评分　6.3/10 from 1095 users,豆瓣评分　7.3/10 from 75 users,类别　动作/惊悚
1918,IMDb评分　7.0/10 from 2895 users,豆瓣评分　7.7/10 from 295 users,类别　喜剧
1919,IMDb评分　4.7/10 from 613 users,豆瓣评分　5.1/10 from 230 users,类别　剧情/传记
1922,IMDb评分　8.2/10 from 2912 users,豆瓣评分　8.3/10 from 149171 users,类别　剧情/犯罪/悬疑
1923,IMDb评分　7.3/10 from 1363 users,豆瓣评分　6.0/10 from 89 users,类别　剧情/犯罪
1924,IMDb评分　6.6/10 from 2119 users,豆瓣评分　6.3/10 from 165 users,类别　剧情/悬疑
1927,IMDb评分　6.0/10 from 11355 users,豆瓣评分　5.8/10 from 264 users,类别　动作/惊悚
1928,IMDb评分　5.7/10 from 7774 users,豆瓣评分　6.0/10 from 82 users,类别　喜剧
1929,IMDb评分　6.0/10 from 878 users,豆瓣评分　5.0/10 from 66 users,类别　喜剧/恐怖
1930,IMDb评分　4.6/10 from 2907 users,豆瓣评分　6.0/10 from 137 users,类别　悬疑/惊悚/恐怖
1933,IMDb评分　6.0/10 from 3782 users,豆瓣评分　6.1/10 from 231 users,类别　惊悚
1934,IMDb评分　6.2/10 from 2124 users,豆瓣评分　5.6/10 from 214 users,类别　剧情/惊悚
1936,IMDb评分　5.7/10 from 15863 users,豆瓣评分　6.2/10 from 26534 users,类别　动作/科幻/灾难
1939,IMDb评分　6.2/10 from 3461 users,豆瓣评分　6.3/10 from 231 users,类别　剧情/喜剧
1940,IMDb评分　6.1/10 from 2404 users,豆瓣评分　6.3/10 from 243 users,类别　喜剧/恐怖
1941,IMDb评分　6.0/10 from 4487 users,豆瓣评分　6.4/10 from 170 users,类别　喜剧
1944,IMDb评分　6.8/10 from 4973 users,豆瓣评分　6.6/10 from 150 users,类别　剧情/喜剧
1945,IMDb评分　6.4/10 from 2622 users,豆瓣评分　6.6/10 from 123 users,类别　喜剧
1948,IMDb评分　5.9/10 from 1996 users,豆瓣评分　6.7/10 from 195 users,类别　剧情/惊悚
1949,IMDb评分　6.7/10 from 7924 users,豆瓣评分　5.9/10 from 100 users,类别　动作/犯罪/奇幻
1950,IMDb评分　7.0/10 from 5488 users,豆瓣评分　6.7/10 from 155 users,类别　剧情/喜剧
1952,IMDb评分　6.9/10 from 30496 users,豆瓣评分　6.8/10 from 2127 users,类别　悬疑/惊悚/恐怖
1953,IMDb评分　6.4/10 from 2083 users,豆瓣评分　6.8/10 from 81 users,类别　剧情/传记/历史
1954,IMDb评分　6.6/10 from 2645 users,豆瓣评分　6.9/10 from 354 users,类别　剧情/喜剧
1956,IMDb评分　6.5/10 from 9997 users,豆瓣评分　6.9/10 from 242 users,类别　喜剧
1957,IMDb评分　7.2/10 from 16973 users,豆瓣评分　7.0/10 from 189 users,类别　喜剧
1958,IMDb评分　7.0/10 from 16893 users,豆瓣评分　7.1/10 from 10134 users,类别　剧情/悬疑/犯罪
1959,IMDb评分　6.9/10 from 4008 users,豆瓣评分　7.2/10 from 83 users,类别　传记
1960,IMDb评分　6.6/10 from 2686 users,豆瓣评分　7.2/10 from 82 users,类别　恐怖
1962,IMDb评分　6.4/10 from 502 users,豆瓣评分　7.3/10 from 114 users,类别　剧情/喜剧
1963,IMDb评分　6.7/10 from 1983 users,豆瓣评分　7.3/10 from 1591 users,类别　悬疑/惊悚/恐怖
1964,IMDb评分　6.0/10 from 17492 users,豆瓣评分　7.3/10 from 3450 users,类别　悬疑/惊悚/恐怖
1965,IMDb评分　6.8/10 from 90714 users,豆瓣评分　7.4/10 from 81032 users,类别　科幻/惊悚/恐怖
1967,IMDb评分　7.6/10 from 8433 users,豆瓣评分　7.6/10 from 1039 users,类别　剧情/犯罪
1968,IMDb评分　7.7/10 from 47609 users,豆瓣评分　7.7/10 from 10962 users,类别　剧情/喜剧/传记
1971,IMDb评分　7.8/10 from 162018 users,豆瓣评分　7.7/10 from 10863 users,类别　恐怖
1972,IMDb评分　7.8/10 from 43364 users,豆瓣评分　7.8/10 from 22872 users,类别　剧情/爱情
1975,IMDb评分　7.2/10 from 2338 users,豆瓣评分　8.0/10 from 269 users,类别　剧情/传记/爱情/同性
1976,IMDb评分　7.6/10 from 39614 users,豆瓣评分　8.1/10 from 17679 users,类别　喜剧/动作/动画/冒险
1977,IMDb评分　7.6/10 from 42350 users,豆瓣评分　8.1/10 from 13647 users,类别　喜剧/传记/运动
1978,IMDb评分　7.3/10 from 55514 users,豆瓣评分　8.2/10 from 21746 users,类别　剧情/惊悚/传记/历史
1979,IMDb评分　7.7/10 from 4329 users,豆瓣评分　8.3/10 from 534 users,类别　剧情/爱情/奇幻
1980,IMDb评分　7.6/10 from 10896 users,豆瓣评分　8.4/10 from 480 users,类别　剧情/历史
1981,IMDb评分　7.9/10 from 8150 users,豆瓣评分　8.4/10 from 7930 users,类别　剧情/传记/灾难
1982,IMDb评分　8.1/10 from 24421 users,豆瓣评分　8.6/10 from 55827 users,类别　剧情/儿童/家庭
1987,IMDb评分　5.7/10 from 5824 users,豆瓣评分　5.8/10 from 1486 users,类别　剧情/惊悚
1988,IMDb评分　5.7/10 from 25581 users,豆瓣评分　5.4/10 from 4663 users,类别　剧情/喜剧/科幻
1989,IMDb评分　5.6/10 from 2675 users,豆瓣评分　5.6/10 from 89 users,类别　剧情/惊悚
1990,IMDb评分　4.8/10 from 3452 users,豆瓣评分　4.7/10 from 102 users,类别　剧情/惊悚
1999,IMDb评分　4.7/10 from 6063 users,豆瓣评分　5.1/10 from 373 users,类别　喜剧
2001,IMDb评分　5.7/10 from 5145 users,豆瓣评分　5.4/10 from 78 users,类别　剧情/喜剧/爱情
2003,IMDb评分　5.7/10 from 2736 users,豆瓣评分　5.9/10 from 36 users,类别　喜剧
2006,IMDb评分　5.0/10 from 695 users,豆瓣评分　5.6/10 from 80 users,类别　喜剧
2011,IMDb评分　5.2/10 from 972 users,豆瓣评分　4.7/10 from 239 users,类别　奇幻
2012,IMDb评分　5.2/10 from 3525 users,豆瓣评分　5.4/10 from 171 users,类别　惊悚/恐怖
2019,IMDb评分　5.7/10 from 2320 users,豆瓣评分　5.4/10 from 865 users,类别　惊悚/恐怖
2022,IMDb评分　3.3/10 from 826 users,豆瓣评分　3.9/10 from 47 users,类别　恐怖
2024,IMDb评分　4.7/10 from 1402 users,豆瓣评分　3.5/10 from 58 users,类别　惊悚
2026,IMDb评分　5.0/10 from 7281 users,豆瓣评分　5.5/10 from 391 users,类别　剧情/科幻/惊悚
2028,IMDb评分　4.4/10 from 1506 users,豆瓣评分　4.2/10 from 205 users,类别　惊悚/恐怖
2032,IMDb评分　5.7/10 from 3482 users,豆瓣评分　5.3/10 from 96 users,类别　爱情
2035,IMDb评分　6.5/10 from 11056 users,豆瓣评分　6.5/10 from 370 users,类别　剧情/传记/惊悚
2036,IMDb评分　6.8/10 from 2756 users,豆瓣评分　7.3/10 from 283 users,类别　剧情/传记/爱情
2037,IMDb评分　6.7/10 from 4323 users,豆瓣评分　7.6/10 from 208 users,类别　恐怖
2039,IMDb评分　7.9/10 from 913 users,豆瓣评分　8.0/10 from 92 users,类别　科幻
2040,IMDb评分　7.8/10 from 2868 users,豆瓣评分　8.3/10 from 1228 users,类别　剧情/爱情/同性
2043,IMDb评分　6.6/10 from 5379 users,豆瓣评分　6.7/10 from 182 users,类别　惊悚/恐怖
2046,IMDb评分　5.2/10 from 695 users,豆瓣评分　5.8/10 from 99 users,类别　惊悚
2047,IMDb评分　5.6/10 from 34 users,豆瓣评分　6.1/10 from 649 users,类别　喜剧/犯罪
2050,IMDb评分　6.6/10 from 152 users,豆瓣评分　6.5/10 from 1641 users,类别　动作/犯罪
2051,IMDb评分　6.7/10 from 123 users,豆瓣评分　6.5/10 from 1198 users,类别　动作/犯罪
2052,IMDb评分　7.3/10 from 47 users,豆瓣评分　6.5/10 from 752 users,类别　喜剧/悬疑/惊悚
2053,IMDb评分　5.9/10 from 30 users,豆瓣评分　6.6/10 from 891 users,类别　剧情/犯罪
2054,IMDb评分　6.8/10 from 327 users,豆瓣评分　6.9/10 from 1912 users,类别　剧情/动作/犯罪
2055,IMDb评分　6.1/10 from 12 users,豆瓣评分　7.1/10 from 316 users,类别　悬疑/惊悚
2056,IMDb评分　6.2/10 from 52 users,豆瓣评分　7.2/10 from 321 users,类别　剧情/犯罪
2057,IMDb评分　7.1/10 from 428 users,豆瓣评分　7.2/10 from 4589 users,类别　喜剧/动作/犯罪
2058,IMDb评分　7.4/10 from 94 users,豆瓣评分　7.9/10 from 211 users,类别　剧情/历史
2059,IMDb评分　7.7/10 from 79 users,豆瓣评分　8.6/10 from 1050 users,类别　喜剧
2060,IMDb评分　7.9/10 from 600 users,豆瓣评分　9.1/10 from 1873 users,类别　剧情/历史
2061,IMDb评分　6.6/10 from 7 users,豆瓣评分　4.9/10 from 102 users,类别　犯罪/悬疑/惊悚
2063,IMDb评分　7.5/10 from 53 users,豆瓣评分　6.1/10 from 163 users,类别　恐怖
2064,IMDb评分　6.1/10 from 35 users,豆瓣评分　6.9/10 from 9210 users,类别　爱情
2066,IMDb评分　7.5/10 from 37931 users,豆瓣评分　7.2/10 from 6815 users,类别　剧情/传记
2067,IMDb评分　7.8/10 from 4370 users,豆瓣评分　7.9/10 from 740 users,类别　惊悚
2068,IMDb评分　3.0/10 from 636 users,豆瓣评分　5.6/10 from 138 users,类别　喜剧/动作
2069,IMDb评分　5.6/10 from 536 users,豆瓣评分　6.7/10 from 309 users,类别　悬疑/惊悚/冒险
2070,IMDb评分　6.2/10 from 957 users,豆瓣评分　6.9/10 from 270 users,类别　剧情/动作/奇幻
2071,IMDb评分　6.6/10 from 991 users,豆瓣评分　7.1/10 from 126 users,类别　剧情/传记
2073,IMDb评分　6.0/10 from 1160 users,豆瓣评分　6.2/10 from 387 users,类别　恐怖
2074,IMDb评分　7.3/10 from 14375 users,豆瓣评分　6.7/10 from 1075 users,类别　剧情/恐怖/歌舞
2077,IMDb评分　6.1/10 from 16 users,豆瓣评分　5.9/10 from 37535 users,类别　剧情/爱情
2078,IMDb评分　5.7/10 from 28 users,豆瓣评分　6.2/10 from 19524 users,类别　爱情/动画
2079,IMDb评分　7.1/10 from 39 users,豆瓣评分　6.9/10 from 34546 users,类别　爱情/冒险
2080,IMDb评分　6.2/10 from 556 users,豆瓣评分　7.0/10 from 302843 users,类别　喜剧/动作/犯罪/悬疑
2082,IMDb评分　6.4/10 from 536 users,豆瓣评分　7.3/10 from 154765 users,类别　剧情/动作/冒险
2083,IMDb评分　7.3/10 from 744 users,豆瓣评分　7.4/10 from 208736 users,类别　剧情/动作/武侠/古装
2084,IMDb评分　7.5/10 from 8 users,豆瓣评分　7.7/10 from 4325 users,类别　纪录片
2085,IMDb评分　6.5/10 from 329 users,豆瓣评分　7.7/10 from 230940 users,类别　剧情/爱情/战争
2088,IMDb评分　7.6/10 from 54 users,豆瓣评分　8.9/10 from 49436 users,类别　纪录片/家庭
2090,IMDb评分　5.6/10 from 27 users,豆瓣评分　5.8/10 from 129823 users,类别　剧情/爱情
2099,IMDb评分　4.8/10 from 45 users,豆瓣评分　4.1/10 from 2176 users,类别　喜剧/动作/犯罪
2101,IMDb评分　4.6/10 from 300 users,豆瓣评分　4.1/10 from 7910 users,类别　动作/冒险
2113,IMDb评分　5.6/10 from 209 users,豆瓣评分　4.6/10 from 52527 users,类别　喜剧/爱情/奇幻
2116,IMDb评分　5.1/10 from 28 users,豆瓣评分　5.0/10 from 6026 users,类别　喜剧/动作/犯罪
2118,IMDb评分　4.3/10 from 29 users,豆瓣评分　3.9/10 from 15157 users,类别　喜剧/动作
2122,IMDb评分　4.0/10 from 11 users,豆瓣评分　3.6/10 from 7745 users,类别　喜剧/奇幻/武侠
2130,IMDb评分　6.1/10 from 249 users,豆瓣评分　5.5/10 from 1396 users,类别　动作/恐怖
2131,IMDb评分　5.0/10 from 38 users,豆瓣评分　4.3/10 from 410 users,类别　恐怖
2133,IMDb评分　7.7/10 from 148 users,豆瓣评分　7.1/10 from 2387 users,类别　剧情/传记/运动
2135,IMDb评分　5.6/10 from 2407 users,豆瓣评分　5.2/10 from 205 users,类别　动作/科幻/惊悚
2136,IMDb评分　5.3/10 from 15430 users,豆瓣评分　5.4/10 from 615 users,类别　动作/冒险
2138,IMDb评分　6.2/10 from 4338 users,豆瓣评分　6.0/10 from 615 users,类别　剧情/音乐
2139,IMDb评分　6.1/10 from 2243 users,豆瓣评分　6.0/10 from 185 users,类别　科幻/惊悚
2140,IMDb评分　6.0/10 from 3796 users,豆瓣评分　5.5/10 from 153 users,类别　喜剧/恐怖/奇幻/冒险
2141,IMDb评分　5.7/10 from 1034 users,豆瓣评分　6.0/10 from 158 users,类别　喜剧/爱情
2143,IMDb评分　6.4/10 from 2443 users,豆瓣评分　6.1/10 from 86 users,类别　惊悚
2144,IMDb评分　5.7/10 from 1724 users,豆瓣评分　6.1/10 from 869 users,类别　剧情/传记/犯罪
2145,IMDb评分　5.5/10 from 11353 users,豆瓣评分　6.1/10 from 32625 users,类别　奇幻/冒险
2146,IMDb评分　6.1/10 from 2008 users,豆瓣评分　5.2/10 from 90 users,类别　奇幻/恐怖
2147,IMDb评分　4.9/10 from 2032 users,豆瓣评分　6.1/10 from 65 users,类别　喜剧
2148,IMDb评分　6.4/10 from 5711 users,豆瓣评分　6.2/10 from 191 users,类别　剧情/惊悚
2149,IMDb评分　6.3/10 from 3060 users,豆瓣评分　6.2/10 from 141 users,类别　剧情/传记
2150,IMDb评分　5.7/10 from 2513 users,豆瓣评分　6.3/10 from 346 users,类别　惊悚
2151,IMDb评分　6.3/10 from 4971 users,豆瓣评分　5.9/10 from 120 users,类别　剧情/惊悚
2152,IMDb评分　7.0/10 from 55881 users,豆瓣评分　6.3/10 from 5728 users,类别　惊悚/恐怖
2153,IMDb评分　5.6/10 from 21687 users,豆瓣评分　6.3/10 from 1235 users,类别　喜剧
2154,IMDb评分　6.4/10 from 444 users,豆瓣评分　5.8/10 from 76 users,类别　动作/犯罪/惊悚
2155,IMDb评分　6.8/10 from 37098 users,豆瓣评分　6.4/10 from 2749 users,类别　剧情/悬疑/惊悚
2156,IMDb评分　6.3/10 from 5494 users,豆瓣评分　6.4/10 from 780 users,类别　剧情/爱情/奇幻
2157,IMDb评分　6.4/10 from 8893 users,豆瓣评分　5.1/10 from 162 users,类别　喜剧/犯罪/悬疑
2158,IMDb评分　5.7/10 from 9032 users,豆瓣评分　6.5/10 from 163 users,类别　喜剧/爱情
2159,IMDb评分　6.1/10 from 20144 users,豆瓣评分　6.5/10 from 47765 users,类别　动作/惊悚/冒险
2160,IMDb评分　6.5/10 from 3064 users,豆瓣评分　5.6/10 from 79 users,类别　剧情/爱情/音乐
2161,IMDb评分　7.0/10 from 10694 users,豆瓣评分　6.5/10 from 11527 users,类别　剧情/冒险
2162,IMDb评分　7.1/10 from 20 users,豆瓣评分　6.6/10 from 78 users,类别　动画
2163,IMDb评分　6.1/10 from 11785 users,豆瓣评分　6.6/10 from 1106 users,类别　动作/犯罪/冒险
2164,IMDb评分　5.8/10 from 1059 users,豆瓣评分　6.6/10 from 92 users,类别　惊悚
2165,IMDb评分　8.0/10 from 100650 users,豆瓣评分　6.6/10 from 60564 users,类别　惊悚/恐怖
2166,IMDb评分　6.6/10 from 1420 users,豆瓣评分　5.5/10 from 126 users,类别　喜剧
2168,IMDb评分　6.5/10 from 28982 users,豆瓣评分　6.7/10 from 57017 users,类别　动作/科幻/冒险
2169,IMDb评分　6.7/10 from 7155 users,豆瓣评分　6.7/10 from 324 users,类别　剧情/惊悚/恐怖
2170,IMDb评分　6.3/10 from 7600 users,豆瓣评分　6.7/10 from 105 users,类别　剧情/惊悚/恐怖/传记/犯罪
2171,IMDb评分　6.7/10 from 3772 users,豆瓣评分　6.7/10 from 246 users,类别　剧情/喜剧/惊悚/犯罪
2173,IMDb评分　7.4/10 from 33122 users,豆瓣评分　6.7/10 from 8804 users,类别　喜剧/爱情
2175,IMDb评分　6.3/10 from 14564 users,豆瓣评分　6.8/10 from 2819 users,类别　喜剧/动作
2176,IMDb评分　6.8/10 from 28282 users,豆瓣评分　5.5/10 from 27480 users,类别　动作/科幻/冒险
2177,IMDb评分　7.0/10 from 2491 users,豆瓣评分　6.8/10 from 135 users,类别　剧情/冒险
2178,IMDb评分　6.8/10 from 20169 users,豆瓣评分　6.3/10 from 360 users,类别　喜剧
2179,IMDb评分　6.3/10 from 13349 users,豆瓣评分　6.9/10 from 30031 users,类别　喜剧/动画/奇幻
2181,IMDb评分　6.1/10 from 468 users,豆瓣评分　6.9/10 from 98 users,类别　动作/惊悚/犯罪
2182,IMDb评分　7.0/10 from 31056 users,豆瓣评分　7.0/10 from 1539 users,类别　动作/惊悚/犯罪
2183,IMDb评分　7.1/10 from 118859 users,豆瓣评分　7.0/10 from 22916 users,类别　动作/科幻/冒险
2184,IMDb评分　7.1/10 from 37647 users,豆瓣评分　7.0/10 from 2631 users,类别　歌舞
2185,IMDb评分　7.0/10 from 5115 users,豆瓣评分　7.0/10 from 165 users,类别　剧情/传记/犯罪
2186,IMDb评分　7.4/10 from 5612 users,豆瓣评分　7.0/10 from 94 users,类别　剧情/音乐
2187,IMDb评分　6.8/10 from 7239 users,豆瓣评分　7.0/10 from 358 users,类别　剧情/科幻/惊悚
2188,IMDb评分　7.6/10 from 58339 users,豆瓣评分　7.0/10 from 3720 users,类别　喜剧/传记/犯罪
2189,IMDb评分　7.9/10 from 4214 users,豆瓣评分　7.1/10 from 753 users,类别　喜剧/爱情
2190,IMDb评分　7.4/10 from 24413 users,豆瓣评分　7.1/10 from 952 users,类别　悬疑/惊悚
2191,IMDb评分　7.1/10 from 37647 users,豆瓣评分　5.9/10 from 247 users,类别　剧情/传记
2192,IMDb评分　6.4/10 from 46846 users,豆瓣评分　7.1/10 from 6295 users,类别　喜剧/犯罪
2193,IMDb评分　7.0/10 from 9310 users,豆瓣评分　7.1/10 from 414 users,类别　剧情/历史/战争
2194,IMDb评分　7.2/10 from 35190 users,豆瓣评分　7.2/10 from 123073 users,类别　动作/科幻/冒险
2195,IMDb评分　7.1/10 from 27413 users,豆瓣评分　7.2/10 from 2493 users,类别　剧情/悬疑/犯罪
2196,IMDb评分　8.2/10 from 97997 users,豆瓣评分　7.3/10 from 8436 users,类别　剧情/爱情/音乐
2197,IMDb评分　7.0/10 from 133601 users,豆瓣评分　7.3/10 from 257985 users,类别　动作/科幻/惊悚
2198,IMDb评分　7.0/10 from 5476 users,豆瓣评分　7.4/10 from 163 users,类别　剧情/同性/传记
2199,IMDb评分　6.9/10 from 1994 users,豆瓣评分　7.4/10 from 1854 users,类别　剧情/喜剧/冒险
2200,IMDb评分　7.3/10 from 5026 users,豆瓣评分　7.5/10 from 1654 users,类别　剧情/犯罪
2201,IMDb评分　6.7/10 from 6757 users,豆瓣评分　7.6/10 from 857 users,类别　剧情/传记
2202,IMDb评分　7.7/10 from 11268 users,豆瓣评分　7.9/10 from 2165 users,类别　动作/科幻/惊悚
2203,IMDb评分　5.7/10 from 5433 users,豆瓣评分　7.9/10 from 37744 users,类别　犯罪/恐怖
2205,IMDb评分　8.0/10 from 109158 users,豆瓣评分　8.0/10 from 91801 users,类别　喜剧/动作/动画/冒险
2206,IMDb评分　7.6/10 from 21050 users,豆瓣评分　8.2/10 from 2375 users,类别　喜剧/动画/冒险
2207,IMDb评分　7.3/10 from 45918 users,豆瓣评分　8.2/10 from 157636 users,类别　喜剧/动画/奇幻/冒险
2208,IMDb评分　8.1/10 from 121340 users,豆瓣评分　8.3/10 from 184875 users,类别　动作/惊悚/冒险
2209,IMDb评分　8.5/10 from 9157 users,豆瓣评分　8.5/10 from 505 users,类别　纪录片
2210,IMDb评分　8.3/10 from 197150 users,豆瓣评分　8.8/10 from 20691 users,类别　剧情/音乐/传记
2212,IMDb评分　5.0/10 from 951 users,豆瓣评分　4.9/10 from 81 users,类别　动作
2214,IMDb评分　4.3/10 from 538 users,豆瓣评分　4.2/10 from 101 users,类别　动作
2220,IMDb评分　3.3/10 from 405 users,豆瓣评分　3.5/10 from 175 users,类别　动作/科幻/恐怖
2221,IMDb评分　4.8/10 from 580 users,豆瓣评分　4.8/10 from 146 users,类别　动作/恐怖
2222,IMDb评分　4.7/10 from 526 users,豆瓣评分　4.1/10 from 273 users,类别　动作/冒险
2225,IMDb评分　5.4/10 from 284 users,豆瓣评分　5.5/10 from 104 users,类别　动作
2226,IMDb评分　5.9/10 from 4601 users,豆瓣评分　5.6/10 from 298 users,类别　惊悚/犯罪
2228,IMDb评分　5.6/10 from 2495 users,豆瓣评分　5.8/10 from 626 users,类别　惊悚
2229,IMDb评分　5.2/10 from 3410 users,豆瓣评分　4.6/10 from 168 users,类别　惊悚
2230,IMDb评分　4.9/10 from 2829 users,豆瓣评分　5.4/10 from 77 users,类别　惊悚
2234,IMDb评分　5.3/10 from 2850 users,豆瓣评分　4.9/10 from 100 users,类别　剧情/惊悚
2237,IMDb评分　5.8/10 from 1435 users,豆瓣评分　4.6/10 from 104 users,类别　科幻/悬疑/惊悚
2238,IMDb评分　5.6/10 from 2734 users,豆瓣评分　5.7/10 from 356 users,类别　科幻
2239,IMDb评分　5.6/10 from 12863 users,豆瓣评分　5.2/10 from 887 users,类别　科幻/惊悚
2241,IMDb评分　5.2/10 from 14592 users,豆瓣评分　5.3/10 from 728 users,类别　科幻/犯罪/惊悚
2242,IMDb评分　5.7/10 from 1964 users,豆瓣评分　5.7/10 from 271 users,类别　科幻/惊悚
2243,IMDb评分　5.7/10 from 612 users,豆瓣评分　5.1/10 from 83 users,类别　科幻/惊悚
2245,IMDb评分　5.7/10 from 3950 users,豆瓣评分　5.0/10 from 316 users,类别　惊悚/恐怖
2246,IMDb评分　5.6/10 from 5990 users,豆瓣评分　3.8/10 from 126 users,类别　恐怖
2248,IMDb评分　4.8/10 from 10034 users,豆瓣评分　5.4/10 from 536 users,类别　惊悚/恐怖
2250,IMDb评分　5.9/10 from 1508 users,豆瓣评分　6.0/10 from 94 users,类别　悬疑/惊悚
2251,IMDb评分　6.1/10 from 10619 users,豆瓣评分　5.8/10 from 661 users,类别　动作/犯罪/惊悚
2253,IMDb评分　7.5/10 from 5863 users,豆瓣评分　6.1/10 from 649 users,类别　剧情/惊悚
2254,IMDb评分　5.8/10 from 1119 users,豆瓣评分　6.1/10 from 221 users,类别　剧情/战争
2255,IMDb评分　6.1/10 from 13435 users,豆瓣评分　6.2/10 from 2609 users,类别　喜剧/动画/冒险
2256,IMDb评分　6.9/10 from 14343 users,豆瓣评分　6.2/10 from 1474 users,类别　剧情/传记
2257,IMDb评分　5.8/10 from 1334 users,豆瓣评分　6.2/10 from 638 users,类别　科幻
2258,IMDb评分　6.0/10 from 12479 users,豆瓣评分　6.2/10 from 1409 users,类别　科幻/惊悚
2259,IMDb评分　6.2/10 from 11407 users,豆瓣评分　5.6/10 from 5902 users,类别　喜剧/奇幻/冒险
2260,IMDb评分　5.1/10 from 176 users,豆瓣评分　6.6/10 from 162 users,类别　剧情/动作
2261,IMDb评分　6.3/10 from 32424 users,豆瓣评分　6.6/10 from 20118 users,类别　动作/科幻/冒险
2262,IMDb评分　6.7/10 from 13278 users,豆瓣评分　6.7/10 from 3100 users,类别　动作/惊悚
2263,IMDb评分　7.6/10 from 1942 users,豆瓣评分　6.7/10 from 711 users,类别　喜剧/恐怖
2264,IMDb评分　6.3/10 from 3936 users,豆瓣评分　6.7/10 from 327 users,类别　剧情/科幻
2265,IMDb评分　7.5/10 from 5230 users,豆瓣评分　6.8/10 from 1674 users,类别　剧情/惊悚/犯罪
2266,IMDb评分　7.0/10 from 23522 users,豆瓣评分　6.8/10 from 2659 users,类别　动作/科幻/恐怖/战争
2267,IMDb评分　6.5/10 from 94126 users,豆瓣评分　6.9/10 from 159317 users,类别　动作/科幻/冒险
2268,IMDb评分　6.4/10 from 13809 users,豆瓣评分　6.9/10 from 8234 users,类别　悬疑/惊悚/恐怖
2269,IMDb评分　6.1/10 from 1149 users,豆瓣评分　7.0/10 from 63 users,类别　惊悚
2270,IMDb评分　7.2/10 from 15533 users,豆瓣评分　7.0/10 from 4190 users,类别　惊悚/恐怖
2271,IMDb评分　6.7/10 from 3886 users,豆瓣评分　7.1/10 from 174 users,类别　剧情/喜剧/奇幻/冒险
2272,IMDb评分　6.9/10 from 91443 users,豆瓣评分　7.2/10 from 188512 users,类别　奇幻/冒险
2273,IMDb评分　7.4/10 from 10556 users,豆瓣评分　7.5/10 from 413 users,类别　剧情/喜剧/传记
2274,IMDb评分　7.2/10 from 5406 users,豆瓣评分　7.5/10 from 322 users,类别　犯罪/西部/冒险
2275,IMDb评分　6.7/10 from 3992 users,豆瓣评分　7.7/10 from 742 users,类别　剧情/传记/犯罪
2276,IMDb评分　7.5/10 from 137782 users,豆瓣评分　7.8/10 from 414506 users,类别　动作/奇幻/冒险
2277,IMDb评分　8.2/10 from 20553 users,豆瓣评分　7.9/10 from 5730 users,类别　剧情/科幻/悬疑/惊悚
2278,IMDb评分　7.8/10 from 14242 users,豆瓣评分　7.9/10 from 1705 users,类别　科幻/悬疑/惊悚
2279,IMDb评分　8.0/10 from 3976 users,豆瓣评分　8.1/10 from 2055 users,类别　剧情/爱情
2280,IMDb评分　7.4/10 from 6466 users,豆瓣评分　8.2/10 from 1392 users,类别　剧情/惊悚/犯罪
2281,IMDb评分　8.7/10 from 99072 users,豆瓣评分　8.7/10 from 208637 users,类别　动作/科幻/动画/冒险
2282,IMDb评分　7.8/10 from 35269 users,豆瓣评分　8.7/10 from 78189 users,类别　剧情/悬疑/惊悚
2283,IMDb评分　8.4/10 from 7765 users,豆瓣评分　9.1/10 from 1577 users,类别　纪录片
2288,IMDb评分　5.8/10 from 40022 users,豆瓣评分　5.1/10 from 19053 users,类别　动作/科幻/惊悚/冒险
2289,IMDb评分　5.1/10 from 5623 users,豆瓣评分　5.0/10 from 302 users,类别　悬疑/惊悚/恐怖
2290,IMDb评分　5.6/10 from 2306 users,豆瓣评分　5.7/10 from 68 users,类别　恐怖
2291,IMDb评分　5.7/10 from 14662 users,豆瓣评分　5.8/10 from 994 users,类别　惊悚/恐怖
2292,IMDb评分　5.4/10 from 6653 users,豆瓣评分　5.1/10 from 205 users,类别　悬疑/惊悚/恐怖
2294,IMDb评分　6.3/10 from 13 users,豆瓣评分　5.2/10 from 230 users,类别　爱情
2295,IMDb评分　5.7/10 from 21 users,豆瓣评分　6.3/10 from 998 users,类别　犯罪
2296,IMDb评分　6.6/10 from 136 users,豆瓣评分　6.6/10 from 19874 users,类别　动画/奇幻/冒险
2297,IMDb评分　7.2/10 from 191 users,豆瓣评分　7.8/10 from 2134 users,类别　剧情/犯罪
2300,IMDb评分　8.3/10 from 853 users,豆瓣评分　6.8/10 from 1105 users,类别　动作/动画/奇幻
2301,IMDb评分　6.7/10 from 3186 users,豆瓣评分　7.1/10 from 333 users,类别　传记/历史/战争
2302,IMDb评分　5.9/10 from 3269 users,豆瓣评分　5.6/10 from 1348 users,类别　剧情/惊悚
2307,IMDb评分　7.6/10 from 1681 users,豆瓣评分　8.5/10 from 3921 users,类别　动画
2308,IMDb评分　3.6/10 from 12282 users,豆瓣评分　6.1/10 from 7126 users,类别　喜剧/动作/冒险
2309,IMDb评分　7.9/10 from 8910 users,豆瓣评分　7.3/10 from 153 users,类别　动作/犯罪/惊悚
2311,IMDb评分　8.1/10 from 34309 users,豆瓣评分　7.6/10 from 412 users,类别　剧情/传记
2313,IMDb评分　2.1/10 from 26466 users,豆瓣评分　5.8/10 from 82 users,类别　剧情/动作
2317,IMDb评分　6.5/10 from 1043 users,豆瓣评分　5.9/10 from 277 users,类别　惊悚/恐怖
2319,IMDb评分　5.6/10 from 3250 users,豆瓣评分　6.4/10 from 333 users,类别　动作
2320,IMDb评分　6.3/10 from 750 users,豆瓣评分　6.4/10 from 174 users,类别　剧情/喜剧/动作
2321,IMDb评分　5.8/10 from 865 users,豆瓣评分　6.6/10 from 92 users,类别　奇幻/冒险
2323,IMDb评分　7.1/10 from 9234 users,豆瓣评分　7.2/10 from 454 users,类别　剧情/动作/传记
2325,IMDb评分　5.2/10 from 2455 users,豆瓣评分　5.3/10 from 139 users,类别　剧情/惊悚
2328,IMDb评分　4.9/10 from 671 users,豆瓣评分　6.5/10 from 189 users,类别　动作/历史/喜剧
2329,IMDb评分　7.1/10 from 966 users,豆瓣评分　7.2/10 from 7580 users,类别　剧情/爱情/运动
2332,IMDb评分　7.2/10 from 13586 users,豆瓣评分　6.9/10 from 242 users,类别　剧情/历史/爱情
2333,IMDb评分　7.0/10 from 5993 users,豆瓣评分　7.0/10 from 1058 users,类别　喜剧
2334,IMDb评分　8.3/10 from 6671 users,豆瓣评分　7.6/10 from 694 users,类别　剧情/喜剧/传记
2336,IMDb评分　8.9/10 from 21285 users,豆瓣评分　9.0/10 from 82 users,类别　喜剧/爱情/悬疑
2337,IMDb评分　5.5/10 from 50 users,豆瓣评分　6.0/10 from 44433 users,类别　剧情/犯罪/悬疑
2338,IMDb评分　7.2/10 from 491 users,豆瓣评分　6.0/10 from 8712 users,类别　剧情/动作
2339,IMDb评分　6.0/10 from 18 users,豆瓣评分　4.0/10 from 14561 users,类别　喜剧/奇幻
2340,IMDb评分　6.4/10 from 57 users,豆瓣评分　6.1/10 from 6431 users,类别　剧情/爱情/家庭
2341,IMDb评分　6.4/10 from 7 users,豆瓣评分　3.9/10 from 10185 users,类别　奇幻/冒险
2342,IMDb评分　6.5/10 from 355 users,豆瓣评分　6.5/10 from 91851 users,类别　动作/悬疑/古装
2343,IMDb评分　6.7/10 from 104 users,豆瓣评分　5.2/10 from 14064 users,类别　动作/犯罪
2344,IMDb评分　6.2/10 from 415 users,豆瓣评分　6.7/10 from 347503 users,类别　喜剧
2346,IMDb评分　6.5/10 from 142 users,豆瓣评分　7.0/10 from 72180 users,类别　剧情/爱情
2348,IMDb评分　6.6/10 from 311 users,豆瓣评分　7.3/10 from 274188 users,类别　喜剧
2350,IMDb评分　6.8/10 from 229 users,豆瓣评分　7.6/10 from 129801 users,类别　剧情/悬疑/犯罪
2351,IMDb评分　7.2/10 from 344 users,豆瓣评分　8.2/10 from 310680 users,类别　剧情/喜剧
2353,IMDb评分　4.6/10 from 5 users,豆瓣评分　5.1/10 from 2849 users,类别　剧情/喜剧
2358,IMDb评分　4.0/10 from 90 users,豆瓣评分　2.6/10 from 3151 users,类别　动作/奇幻
2369,IMDb评分　5.0/10 from 5 users,豆瓣评分　3.9/10 from 3372 users,类别　喜剧/动作
2371,IMDb评分　5.2/10 from 69 users,豆瓣评分　5.0/10 from 74859 users,类别　喜剧
2376,IMDb评分　3.7/10 from 29 users,豆瓣评分　2.7/10 from 6745 users,类别　剧情/喜剧
2390,IMDb评分　7.7/10 from 1621 users,豆瓣评分　8.2/10 from 4409 users,类别　剧情/传记/历史
2392,IMDb评分　7.8/10 from 1222 users,豆瓣评分　8.3/10 from 2143 users,类别　剧情/惊悚/历史
2394,IMDb评分　5.3/10 from 299 users,豆瓣评分　5.7/10 from 66 users,类别　恐怖
2395,IMDb评分　6.4/10 from 1552 users,豆瓣评分　5.6/10 from 345 users,类别　剧情/灾难
2396,IMDb评分　7.0/10 from 73 users,豆瓣评分　6.2/10 from 736 users,类别　动作
2397,IMDb评分　6.0/10 from 1266 users,豆瓣评分　6.5/10 from 463 users,类别　科幻/动画/灾难
2398,IMDb评分　7.6/10 from 12 users,豆瓣评分　6.8/10 from 80 users,类别　爱情
2399,IMDb评分　6.5/10 from 129 users,豆瓣评分　6.9/10 from 1731 users,类别　喜剧/爱情
2401,IMDb评分　7.2/10 from 35 users,豆瓣评分　7.2/10 from 152 users,类别　剧情/动作
2402,IMDb评分　6.6/10 from 21 users,豆瓣评分　7.3/10 from 982 users,类别　喜剧/剧情
2403,IMDb评分　7.2/10 from 56 users,豆瓣评分　8.0/10 from 2177 users,类别　喜剧/家庭
2404,IMDb评分　8.1/10 from 14567 users,豆瓣评分　8.7/10 from 213768 users,类别　剧情/家庭/犯罪
2405,IMDb评分　5.4/10 from 11 users,豆瓣评分　5.7/10 from 174 users,类别　喜剧
2407,IMDb评分　6.7/10 from 26 users,豆瓣评分　5.9/10 from 535 users,类别　喜剧
2408,IMDb评分　5.6/10 from 108 users,豆瓣评分　5.8/10 from 1534 users,类别　剧情/悬疑
2411,IMDb评分　5.5/10 from 939 users,豆瓣评分　6.0/10 from 241 users,类别　惊悚/历史
2414,IMDb评分　6.2/10 from 6112 users,豆瓣评分　6.2/10 from 198 users,类别　喜剧/动画/冒险
2415,IMDb评分　6.0/10 from 1072 users,豆瓣评分　6.2/10 from 238 users,类别　科幻/灾难
2417,IMDb评分　5.9/10 from 927 users,豆瓣评分　6.4/10 from 1612 users,类别　科幻/悬疑/犯罪
2418,IMDb评分　5.7/10 from 2621 users,豆瓣评分　6.5/10 from 147 users,类别　剧情/惊悚/历史
2419,IMDb评分　5.1/10 from 309 users,豆瓣评分　6.6/10 from 111 users,类别　科幻/悬疑/惊悚
2420,IMDb评分　6.6/10 from 3397 users,豆瓣评分　6.8/10 from 763 users,类别　剧情/历史/灾难
2422,IMDb评分　6.6/10 from 7762 users,豆瓣评分　7.5/10 from 24208 users,类别　喜剧/动画/冒险
2423,IMDb评分　6.8/10 from 2273 users,豆瓣评分　7.6/10 from 707 users,类别　剧情/传记/历史
2424,IMDb评分　6.6/10 from 232 users,豆瓣评分　7.8/10 from 215 users,类别　冒险/动画
2425,IMDb评分　8.2/10 from 38957 users,豆瓣评分　8.4/10 from 75284 users,类别　喜剧/动画/冒险
2426,IMDb评分　4.3/10 from 1147 users,豆瓣评分　4.3/10 from 232 users,类别　动作
2427,IMDb评分　6.2/10 from 1243 users,豆瓣评分　6.6/10 from 94 users,类别　犯罪
2428,IMDb评分　6.3/10 from 1498 users,豆瓣评分　7.9/10 from 158 users,类别　喜剧
2429,IMDb评分　6.7/10 from 1536 users,豆瓣评分　7.4/10 from 279 users,类别　喜剧
2433,IMDb评分　6.1/10 from 11659 users,豆瓣评分　6.1/10 from 1024 users,类别　剧情/惊悚/犯罪
2434,IMDb评分　6.1/10 from 13077 users,豆瓣评分　5.7/10 from 740 users,类别　科幻/悬疑/惊悚
2435,IMDb评分　6.5/10 from 13566 users,豆瓣评分　6.3/10 from 706 users,类别　剧情/传记/历史
2436,IMDb评分　6.8/10 from 55466 users,豆瓣评分　6.3/10 from 53532 users,类别　动作/冒险
2438,IMDb评分　6.5/10 from 10351 users,豆瓣评分　6.4/10 from 666 users,类别　喜剧
2439,IMDb评分　6.5/10 from 6545 users,豆瓣评分　5.7/10 from 170 users,类别　剧情/犯罪
2441,IMDb评分　6.5/10 from 16689 users,豆瓣评分　6.8/10 from 902 users,类别　动作/犯罪/惊悚
2442,IMDb评分　5.9/10 from 2102 users,豆瓣评分　6.5/10 from 529 users,类别　剧情/喜剧/爱情/同性
2443,IMDb评分　7.4/10 from 16405 users,豆瓣评分　6.6/10 from 1734 users,类别　剧情/爱情/犯罪
2445,IMDb评分　7.2/10 from 45187 users,豆瓣评分　6.7/10 from 5065 users,类别　剧情/喜剧/传记/历史
2446,IMDb评分　7.7/10 from 243346 users,豆瓣评分　6.7/10 from 134636 users,类别　动作/科幻/冒险
2447,IMDb评分　6.8/10 from 1456 users,豆瓣评分　6.7/10 from 147 users,类别　悬疑/惊悚/恐怖
2449,IMDb评分　6.5/10 from 10989 users,豆瓣评分　7.0/10 from 368 users,类别　动作/惊悚/犯罪
2450,IMDb评分　6.7/10 from 9066 users,豆瓣评分　7.0/10 from 934 users,类别　爱情/灾难
2451,IMDb评分　7.2/10 from 24295 users,豆瓣评分　7.1/10 from 3757 users,类别　剧情/喜剧/传记/犯罪
2452,IMDb评分　7.5/10 from 8456 users,豆瓣评分　7.2/10 from 1234 users,类别　剧情/喜剧
2453,IMDb评分　6.4/10 from 1323 users,豆瓣评分　7.3/10 from 1185 users,类别　剧情/传记/历史
2455,IMDb评分　7.2/10 from 2144 users,豆瓣评分　7.3/10 from 99 users,类别　剧情/动作/犯罪
2457,IMDb评分　7.3/10 from 33820 users,豆瓣评分　7.4/10 from 1510 users,类别　喜剧/犯罪/悬疑
2458,IMDb评分　7.2/10 from 12511 users,豆瓣评分　7.5/10 from 588 users,类别　喜剧/奇幻
2459,IMDb评分　7.6/10 from 59895 users,豆瓣评分　7.6/10 from 5915 users,类别　剧情/传记/历史
2460,IMDb评分　6.7/10 from 7765 users,豆瓣评分　7.6/10 from 5501 users,类别　喜剧/动画/歌舞/奇幻
2461,IMDb评分　5.5/10 from 242 users,豆瓣评分　7.6/10 from 196 users,类别　恐怖
2462,IMDb评分　7.6/10 from 48829 users,豆瓣评分　7.6/10 from 5123 users,类别　悬疑/恐怖
2463,IMDb评分　7.0/10 from 921 users,豆瓣评分　7.6/10 from 98 users,类别　剧情/同性
2464,IMDb评分　7.2/10 from 5674 users,豆瓣评分　7.7/10 from 352 users,类别　剧情/喜剧/犯罪
2465,IMDb评分　7.5/10 from 20758 users,豆瓣评分　7.7/10 from 2515 users,类别　剧情/喜剧
2466,IMDb评分　7.0/10 from 9015 users,豆瓣评分　7.9/10 from 4115 users,类别　剧情/犯罪
2467,IMDb评分　7.3/10 from 7925 users,豆瓣评分　7.9/10 from 690 users,类别　剧情/喜剧
2468,IMDb评分　7.1/10 from 25271 users,豆瓣评分　7.9/10 from 1410 users,类别　剧情/悬疑/惊悚/犯罪
2469,IMDb评分　7.6/10 from 132 users,豆瓣评分　8.1/10 from 309 users,类别　喜剧
2470,IMDb评分　8.7/10 from 408002 users,豆瓣评分　8.2/10 from 339047 users,类别　动作/科幻/奇幻/冒险
2471,IMDb评分　7.5/10 from 4072 users,豆瓣评分　8.2/10 from 251 users,类别　喜剧
2473,IMDb评分　5.0/10 from 7780 users,豆瓣评分　5.2/10 from 279 users,类别　剧情/惊悚/历史
2474,IMDb评分　5.7/10 from 697 users,豆瓣评分　5.9/10 from 68 users,类别　剧情/喜剧/西部
2482,IMDb评分　4.9/10 from 3403 users,豆瓣评分　5.3/10 from 145 users,类别　动作/犯罪/灾难
2485,IMDb评分　5.6/10 from 16260 users,豆瓣评分　5.9/10 from 359 users,类别　喜剧
2490,IMDb评分　3.7/10 from 12654 users,豆瓣评分　4.2/10 from 246 users,类别　喜剧/悬疑/犯罪
2491,IMDb评分　5.4/10 from 5836 users,豆瓣评分　5.6/10 from 166 users,类别　喜剧
2492,IMDb评分　5.3/10 from 368 users,豆瓣评分　5.6/10 from 400 users,类别　喜剧/同性
2493,IMDb评分　3.5/10 from 572 users,豆瓣评分　4.5/10 from 145 users,类别　恐怖
2494,IMDb评分　4.3/10 from 1260 users,豆瓣评分　5.0/10 from 69 users,类别　恐怖
2496,IMDb评分　3.0/10 from 8069 users,豆瓣评分　3.7/10 from 429 users,类别　恐怖
2499,IMDb评分　4.5/10 from 1106 users,豆瓣评分　4.3/10 from 115 users,类别　惊悚
2500,IMDb评分　4.4/10 from 19348 users,豆瓣评分　5.3/10 from 2791 users,类别　剧情/爱情/情色
2501,IMDb评分　4.2/10 from 59 users,豆瓣评分　4.6/10 from 142 users,类别　科幻
2502,IMDb评分　5.0/10 from 2069 users,豆瓣评分　5.4/10 from 71 users,类别　剧情/科幻
2504,IMDb评分　3.1/10 from 1310 users,豆瓣评分　3.3/10 from 305 users,类别　科幻
2506,IMDb评分　7.3/10 from 2920 users,豆瓣评分　6.8/10 from 1716 users,类别　剧情/惊悚/犯罪
2508,IMDb评分　5.7/10 from 5885 users,豆瓣评分　5.7/10 from 193 users,类别　剧情/动作/犯罪
2515,IMDb评分　6.0/10 from 24 users,豆瓣评分　5.2/10 from 219 users,类别　喜剧/科幻
2516,IMDb评分　6.4/10 from 12 users,豆瓣评分　6.1/10 from 82 users,类别　剧情/喜剧/历史/爱情
2517,IMDb评分　6.6/10 from 119 users,豆瓣评分　6.6/10 from 5398 users,类别　惊悚/恐怖
2518,IMDb评分　6.8/10 from 391 users,豆瓣评分　7.1/10 from 8544 users,类别　剧情/爱情
2519,IMDb评分　7.1/10 from 49 users,豆瓣评分　4.1/10 from 421 users,类别　爱情/惊悚
2521,IMDb评分　8.0/10 from 330 users,豆瓣评分　8.3/10 from 5804 users,类别　剧情/悬疑
2522,IMDb评分　5.7/10 from 18 users,豆瓣评分　5.7/10 from 729 users,类别　动作/悬疑
2523,IMDb评分　5.7/10 from 9 users,豆瓣评分　5.4/10 from 92 users,类别　剧情/喜剧
2524,IMDb评分　6.3/10 from 142 users,豆瓣评分　6.6/10 from 3026 users,类别　剧情/同性
2531,IMDb评分　5.7/10 from 476 users,豆瓣评分　6.4/10 from 359279 users,类别　喜剧/科幻
2534,IMDb评分　6.5/10 from 2523 users,豆瓣评分　6.8/10 from 7303 users,类别　冒险
2535,IMDb评分　6.0/10 from 4761 users,豆瓣评分　6.1/10 from 343 users,类别　惊悚/恐怖
2537,IMDb评分　6.4/10 from 15714 users,豆瓣评分　6.7/10 from 25749 users,类别　悬疑/惊悚/恐怖
2538,IMDb评分　6.4/10 from 15655 users,豆瓣评分　7.3/10 from 86090 users,类别　悬疑/惊悚
2540,IMDb评分　7.8/10 from 34076 users,豆瓣评分　7.5/10 from 94075 users,类别　动画/奇幻/冒险
2541,IMDb评分　7.0/10 from 1545 users,豆瓣评分　7.8/10 from 117 users,类别　剧情/喜剧/冒险
2542,IMDb评分　5.6/10 from 2267 users,豆瓣评分　5.4/10 from 332 users,类别　动作/惊悚
2543,IMDb评分　5.7/10 from 2146 users,豆瓣评分　5.6/10 from 585 users,类别　剧情/惊悚
2544,IMDb评分　4.7/10 from 3702 users,豆瓣评分　4.6/10 from 135 users,类别　科幻
2545,IMDb评分　5.1/10 from 290 users,豆瓣评分　5.9/10 from 72 users,类别　惊悚/恐怖
2546,IMDb评分　6.1/10 from 3895 users,豆瓣评分　5.5/10 from 227 users,类别　奇幻/冒险
2547,IMDb评分　5.1/10 from 5073 users,豆瓣评分　6.2/10 from 323 users,类别　剧情/惊悚
2548,IMDb评分　6.5/10 from 2373 users,豆瓣评分　6.8/10 from 529 users,类别　动作
2549,IMDb评分　8.3/10 from 71667 users,豆瓣评分　8.9/10 from 35705 users,类别　剧情/喜剧/传记
2550,IMDb评分　5.3/10 from 2125 users,豆瓣评分　5.5/10 from 114 users,类别　动作/剧情/惊悚
2551,IMDb评分　7.6/10 from 608 users,豆瓣评分　7.9/10 from 1349 users,类别　科幻/悬疑/惊悚
2552,IMDb评分　8.8/10 from 25345 users,豆瓣评分　5.4/10 from 98 users,类别　剧情/动作/战争
2553,IMDb评分　6.0/10 from 68 users,豆瓣评分　5.1/10 from 29759 users,类别　喜剧/爱情
2554,IMDb评分　6.4/10 from 446 users,豆瓣评分　5.8/10 from 163553 users,类别　剧情/喜剧
2555,IMDb评分　7.3/10 from 7346 users,豆瓣评分　8.0/10 from 1126954 users,类别　科幻/灾难
2557,IMDb评分　5.3/10 from 244 users,豆瓣评分　4.0/10 from 21670 users,类别　喜剧/动作/奇幻
2563,IMDb评分　6.4/10 from 980 users,豆瓣评分　6.5/10 from 116 users,类别　犯罪
2566,IMDb评分　6.2/10 from 1123 users,豆瓣评分　6.1/10 from 103 users,类别　喜剧/爱情
2567,IMDb评分　6.1/10 from 14826 users,豆瓣评分　6.1/10 from 1242 users,类别　喜剧/爱情/奇幻
2568,IMDb评分　7.0/10 from 76847 users,豆瓣评分　6.3/10 from 3119 users,类别　悬疑/惊悚/犯罪
2569,IMDb评分　6.5/10 from 14877 users,豆瓣评分　8.7/10 from 3057 users,类别　剧情/喜剧
